{
    "display": {
        "icon": {
            "item": "minecraft:bamboo"
        },
        "title": "Bamboo",
        "description": "Catch some bamboo",
        "frame": "goal",
        "show_toast": true,
        "announce_to_chat": true,
        "hidden": false
    },
    "criteria": {
        "req": {
            "trigger": "minecraft:fishing_rod_hooked",
            "conditions": {
                "player": {
                    "location": {
                        "dimension": "sb:skyblock"
                    }
                },
                "item": {
                    "items": ["minecraft:bamboo"]
                }
            }
        }
    },
    "requirements": [
        ["req"]
    ],
    "parent": "sb:skyblock/fisher"
}