{
    "display": {
        "icon": {
            "item": "minecraft:dragon_egg"
        },
        "title": "Here be dragons!",
        "description": "Craft the dragon egg",
        "frame": "challenge",
        "show_toast": true,
        "announce_to_chat": true,
        "hidden": false
    },
    "criteria": {
        "req": {
            "trigger": "minecraft:recipe_crafted",
            "conditions": {
                "recipe_id": "sb:dragonegg",
                "player": {
                    "location": {
                        "dimension": "sb:skyblock"
                    }
                }
            }
        }
    },
    "requirements": [
        ["req"]
    ],
    "parent": "sb:skyblock/elytra"
}