{
    "display": {
        "icon": {
            "item": "minecraft:verdant_froglight"
        },
        "title": "Let it Glow",
        "description": "Obtain a froglight",
        "frame": "goal",
        "show_toast": true,
        "announce_to_chat": true,
        "hidden": false
    },
    "criteria": {
        "req": {
            "trigger": "minecraft:inventory_changed",
            "conditions": {
                "items": [
                    {
                        "items": ["minecraft:ochre_froglight","minecraft:verdant_froglight","minecraft:pearlescent_froglight"]
                    }
                ],
                "player": {
                    "location": {
                        "dimension": "sb:skyblock"
                    }
                }
            }
        }
    },
    "requirements": [
        ["req"]
    ],
    "parent": "sb:skyblock/illegal"
}