{
    "display": {
        "icon": {
            "item": "minecraft:iron_nugget"
        },
        "title": "Iron",
        "description": "Obtain iron nuggets",
        "frame": "task",
        "show_toast": true,
        "announce_to_chat": true,
        "hidden": false
    },
    "criteria": {
        "has_iron": {
            "trigger": "minecraft:inventory_changed",
            "conditions": {
                "items": [
                    {
                        "items": ["minecraft:iron_nugget"]
                    }
                ],
                "player": {
                    "location": {
                        "dimension": "sb:skyblock"
                    }
                }
            }
        }
    },
    "requirements": [
        ["has_iron"]
    ],
    "parent": "sb:skyblock/cobblegen"
}