{
    "display": {
        "icon": {
            "item": "minecraft:coarse_dirt"
        },
        "title": "More Dirt",
        "description": "Craft some coarse dirt",
        "frame": "task",
        "show_toast": true,
        "announce_to_chat": true,
        "hidden": false
    },
    "criteria": {
        "crafted_dirt": {
            "trigger": "minecraft:recipe_crafted",
            "conditions": {
                "recipe_id": "minecraft:coarse_dirt",
                "player": {
                    "location": {
                        "dimension": "sb:skyblock"
                    }
                }
            }
        }
    },
    "requirements": [
        ["crafted_dirt"]
    ],
    "parent": "sb:skyblock/cobblegen"
}