{
    "type": "minecraft:crafting_shaped",
    "pattern": [
        "434",
        "121",
        "434"
    ],
    "key": {
        "1": {
            "item": "minecraft:coal_block"
        },
        "2": {
            "item": "minecraft:spawner"
        },
        "3": {
            "item": "minecraft:bone_block"
        },
        "4": {
            "item": "minecraft:nether_bricks"
        }
    },
    "result": {
        "item": "minecraft:wither_skeleton_spawn_egg",
        "count": 1
    }
}