{
  "type": "minecraft:block",
  "pools": [
    {
      "rolls": 1,
      "bonus_rolls": 0,
      "entries": [
        {
          "type": "minecraft:alternatives",
          "children": [
            {
              "type": "minecraft:item",
              "name": "minecraft:pitcher_pod",
              "functions": [
                {
                  "function": "minecraft:set_count",
                  "count": 1,
                  "add": false
                }
              ],
              "conditions": [
                {
                  "condition": "minecraft:block_state_property",
                  "block": "minecraft:pitcher_crop",
                  "properties": {
                    "age": "0"
                  }
                },
                {
                  "condition": "minecraft:block_state_property",
                  "block": "minecraft:pitcher_crop",
                  "properties": {
                    "half": "lower"
                  }
                }
              ]
            },
            {
              "type": "minecraft:item",
              "name": "minecraft:pitcher_pod",
              "functions": [
                {
                  "function": "minecraft:set_count",
                  "count": 1,
                  "add": false
                }
              ],
              "conditions": [
                {
                  "condition": "minecraft:block_state_property",
                  "block": "minecraft:pitcher_crop",
                  "properties": {
                    "age": "1"
                  }
                },
                {
                  "condition": "minecraft:block_state_property",
                  "block": "minecraft:pitcher_crop",
                  "properties": {
                    "half": "lower"
                  }
                }
              ]
            },
            {
              "type": "minecraft:item",
              "name": "minecraft:pitcher_pod",
              "functions": [
                {
                  "function": "minecraft:set_count",
                  "count": 1,
                  "add": false
                }
              ],
              "conditions": [
                {
                  "condition": "minecraft:block_state_property",
                  "block": "minecraft:pitcher_crop",
                  "properties": {
                    "age": "2"
                  }
                },
                {
                  "condition": "minecraft:block_state_property",
                  "block": "minecraft:pitcher_crop",
                  "properties": {
                    "half": "lower"
                  }
                }
              ]
            },
            {
              "type": "minecraft:item",
              "name": "minecraft:pitcher_pod",
              "functions": [
                {
                  "function": "minecraft:set_count",
                  "count": 1,
                  "add": false
                }
              ],
              "conditions": [
                {
                  "condition": "minecraft:block_state_property",
                  "block": "minecraft:pitcher_crop",
                  "properties": {
                    "age": "3"
                  }
                },
                {
                  "condition": "minecraft:block_state_property",
                  "block": "minecraft:pitcher_crop",
                  "properties": {
                    "half": "lower"
                  }
                }
              ]
            },
            {
              "type": "minecraft:item",
              "name": "minecraft:pitcher_plant",
              "functions": [
                {
                  "function": "minecraft:set_count",
                  "count": 1,
                  "add": false
                }
              ],
              "conditions": [
                {
                  "condition": "minecraft:block_state_property",
                  "block": "minecraft:pitcher_crop",
                  "properties": {
                    "age": "4"
                  }
                },
                {
                  "condition": "minecraft:block_state_property",
                  "block": "minecraft:pitcher_crop",
                  "properties": {
                    "half": "lower"
                  }
                }
              ]
            }
          ]
        }
      ]
    },
    {
      "rolls": 1,
      "entries": [
        {
          "type": "minecraft:item",
          "name": "minecraft:pitcher_pod",
          "functions": [
            {
              "function": "minecraft:set_count",
              "count": {
                "type": "minecraft:uniform",
                "min": 1,
                "max": 2
              },
              "add": false
            }
          ],
          "conditions": [
            {
              "condition": "minecraft:block_state_property",
              "block": "minecraft:pitcher_crop",
              "properties": {
                "age": "4"
              }
            },
            {
              "condition": "minecraft:block_state_property",
              "block": "minecraft:pitcher_crop",
              "properties": {
                "half": "lower"
              }
            },
            {
              "condition": "minecraft:location_check",
              "predicate": {
                "dimension": "sb:skyblock"
              }
            }
          ]
        }
      ]
    }
  ],
  "functions": [
    {
      "function": "minecraft:explosion_decay"
    }
  ],
  "random_sequence": "minecraft:blocks/pitcher_crop"
}
