{
  "type": "minecraft:block",
  "pools": [
    {
      "rolls": 1,
      "bonus_rolls": 0,
      "entries": [
        {
          "type": "minecraft:alternatives",
          "children": [
            {
              "type": "minecraft:item",
              "name": "minecraft:short_grass",
              "conditions": [
                {
                  "condition": "minecraft:match_tool",
                  "predicate": {
                    "items": [
                      "minecraft:shears"
                    ]
                  }
                }
              ]
            },
            {
              "type": "minecraft:item",
              "name": "minecraft:wheat_seeds",
              "functions": [
                {
                  "function": "minecraft:apply_bonus",
                  "enchantment": "minecraft:fortune",
                  "formula": "minecraft:uniform_bonus_count",
                  "parameters": {
                    "bonusMultiplier": 2
                  }
                },
                {
                  "function": "minecraft:explosion_decay"
                }
              ],
              "conditions": [
                {
                  "condition": "minecraft:random_chance",
                  "chance": 0.125
                },
                {
                  "condition": "minecraft:inverted",
                  "term": {
                    "condition": "minecraft:location_check",
                    "predicate": {
                      "dimension": "sb:skyblock"
                    }
                  }
                }
              ]
            },
            {
              "type": "minecraft:group",
              "children": [
                {
                  "type": "minecraft:item",
                  "name": "minecraft:wheat_seeds"
                },
                {
                  "type": "minecraft:item",
                  "name": "minecraft:beetroot_seeds"
                },
                {
                  "type": "minecraft:item",
                  "name": "minecraft:melon_seeds"
                },
                {
                  "type": "minecraft:item",
                  "name": "minecraft:pumpkin_seeds"
                }
              ],
              "functions": [
                {
                  "function": "minecraft:apply_bonus",
                  "enchantment": "minecraft:fortune",
                  "formula": "minecraft:uniform_bonus_count",
                  "parameters": {
                    "bonusMultiplier": 2
                  }
                },
                {
                  "function": "minecraft:explosion_decay"
                }
              ],
              "conditions": [
                {
                  "condition": "minecraft:random_chance",
                  "chance": 0.5
                },
                {
                  "condition": "minecraft:location_check",
                  "predicate": {
                    "dimension": "sb:skyblock"
                  }
                }
              ]
            }
          ]
        }
      ]
    }
  ],
  "random_sequence": "minecraft:blocks/grass"
}
