{
    "display": {
        "icon": {
            "id": "minecraft:cherry_sapling"
        },
        "title": "Building a Forest",
        "description": "Craft every craftable sapling",
        "frame": "task",
        "show_toast": true,
        "announce_to_chat": true,
        "hidden": false
    },
    "criteria": {
        "s_oak": {
            "trigger": "minecraft:inventory_changed",
            "conditions": {
                "items": [
                    {
                        "items": ["minecraft:oak_sapling"]
                    }
                ],
                "player": {
                    "location": {
                        "dimension": "sb:skyblock"
                    }
                }
            }
        },
        "s_birch": {
            "trigger": "minecraft:inventory_changed",
            "conditions": {
                "items": [
                    {
                        "items": ["minecraft:birch_sapling"]
                    }
                ],
                "player": {
                    "location": {
                        "dimension": "sb:skyblock"
                    }
                }
            }
        },
        "s_spruce": {
            "trigger": "minecraft:inventory_changed",
            "conditions": {
                "items": [
                    {
                        "items": ["minecraft:spruce_sapling"]
                    }
                ],
                "player": {
                    "location": {
                        "dimension": "sb:skyblock"
                    }
                }
            }
        },
        "s_darkoak": {
            "trigger": "minecraft:inventory_changed",
            "conditions": {
                "items": [
                    {
                        "items": ["minecraft:dark_oak_sapling"]
                    }
                ],
                "player": {
                    "location": {
                        "dimension": "sb:skyblock"
                    }
                }
            }
        },
        "s_acacia": {
            "trigger": "minecraft:inventory_changed",
            "conditions": {
                "items": [
                    {
                        "items": ["minecraft:acacia_sapling"]
                    }
                ],
                "player": {
                    "location": {
                        "dimension": "sb:skyblock"
                    }
                }
            }
        },
        "s_jungle": {
            "trigger": "minecraft:inventory_changed",
            "conditions": {
                "items": [
                    {
                        "items": ["minecraft:jungle_sapling"]
                    }
                ],
                "player": {
                    "location": {
                        "dimension": "sb:skyblock"
                    }
                }
            }
        },
        "s_cherry": {
            "trigger": "minecraft:inventory_changed",
            "conditions": {
                "items": [
                    {
                        "items": ["minecraft:cherry_sapling"]
                    }
                ],
                "player": {
                    "location": {
                        "dimension": "sb:skyblock"
                    }
                }
            }
        }
    },
    "requirements": [
        ["s_oak"],
        ["s_birch"],
        ["s_spruce"],
        ["s_darkoak"],
        ["s_acacia"],
        ["s_jungle"],
        ["s_cherry"]
    ],
    "parent": "sb:skyblock/get_wood"
}