{
    "display": {
        "icon": {
            "id": "minecraft:sculk_catalyst"
        },
        "title": "Make it spread",
        "description": "Create a sculk catalyst",
        "frame": "challenge",
        "show_toast": true,
        "announce_to_chat": true,
        "hidden": false
    },
    "criteria": {
        "req": {
            "trigger": "minecraft:recipe_crafted",
            "conditions": {
                "recipe_id": "sb:catalyst",
                "player": {
                    "location": {
                        "dimension": "sb:skyblock"
                    }
                }
            }
        }
    },
    "requirements": [
        ["req"]
    ],
    "parent": "sb:skyblock/amethyst"
}