{
    "display": {
        "icon": {
            "id": "minecraft:wheat"
        },
        "title": "Farmer",
        "description": "Plant and harvest some wheat",
        "frame": "task",
        "show_toast": true,
        "announce_to_chat": true,
        "hidden": false
    },
    "criteria": {
        "has_wheat": {
            "trigger": "minecraft:inventory_changed",
            "conditions": {
                "items": [
                    {
                        "items": ["minecraft:wheat"]
                    }
                ],
                "player": {
                    "location": {
                        "dimension": "sb:skyblock"
                    }
                }
            }
        }
    },
    "requirements": [
        ["has_wheat"]
    ],
    "parent": "sb:skyblock/get_wood",
    "rewards": {
        "loot": [
            "sb:advancement/lava"
        ]
    }
}