{
    "display": {
        "icon": {
            "id": "minecraft:warped_nylium"
        },
        "title": "Nylium",
        "description": "Craft some nylium",
        "frame": "task",
        "show_toast": true,
        "announce_to_chat": true,
        "hidden": false
    },
    "criteria": {
        "req1": {
            "trigger": "minecraft:recipe_crafted",
            "conditions": {
                "recipe_id": "sb:crimson_nylium",
                "player": {
                    "location": {
                        "dimension": "sb:skyblock"
                    }
                }
            }
        },
        "req2": {
            "trigger": "minecraft:recipe_crafted",
            "conditions": {
                "recipe_id": "sb:warped_nylium",
                "player": {
                    "location": {
                        "dimension": "sb:skyblock"
                    }
                }
            }
        }
    },
    "requirements": [
        ["req1","req2"]
    ],
    "parent": "sb:skyblock/all_craftable_saplings"
}