{
    "display": {
        "icon": {
            "id": "minecraft:music_disc_pigstep"
        },
        "title": "Crafting that nether vibe",
        "description": "Craft the pigstep music disc",
        "frame": "challenge",
        "show_toast": true,
        "announce_to_chat": true,
        "hidden": false
    },
    "criteria": {
        "req": {
            "trigger": "minecraft:inventory_changed",
            "conditions": {
                "items": [
                    {
                        "items": ["minecraft:music_disc_pigstep"]
                    }
                ],
                "player": {
                    "location": {
                        "dimension": "sb:skyblock"
                    }
                }
            }
        }
    },
    "requirements": [
        ["req"]
    ],
    "parent": "sb:skyblock/blazerod"
}