{
    "display": {
        "icon": {
            "id": "minecraft:shulker_shell"
        },
        "title": "Making a Box",
        "description": "Craft a shulker shell",
        "frame": "goal",
        "show_toast": true,
        "announce_to_chat": true,
        "hidden": false
    },
    "criteria": {
        "req": {
            "trigger": "minecraft:recipe_crafted",
            "conditions": {
                "recipe_id": "sb:shulker_shell",
                "player": {
                    "location": {
                        "dimension": "sb:skyblock"
                    }
                }
            }
        }
    },
    "requirements": [
        ["req"]
    ],
    "parent": "sb:skyblock/chorusflower"
}