{
    "display": {
        "icon": {
            "id": "minecraft:carved_pumpkin"
        },
        "title": "Snowman",
        "description": "Do you want to build a snowman?",
        "frame": "task",
        "show_toast": true,
        "announce_to_chat": true,
        "hidden": false
    },
    "criteria": {
        "req": {
            "trigger": "minecraft:summoned_entity",
            "conditions": {
                "player": {
                    "location": {
                        "dimension": "sb:skyblock"
                    }
                },
                "entity": {
                    "type": "minecraft:snow_golem"
                }
            }
        }
    },
    "requirements": [
        ["req"]
    ],
    "parent": "sb:skyblock/iron"
}