{
    "display": {
        "icon": {
            "id": "minecraft:trident"
        },
        "title": "A big fork",
        "description": "Craft a trident",
        "frame": "task",
        "show_toast": true,
        "announce_to_chat": true,
        "hidden": false
    },
    "criteria": {
        "req": {
            "trigger": "minecraft:recipe_crafted",
            "conditions": {
                "recipe_id": "sb:trident",
                "player": {
                    "location": {
                        "dimension": "sb:skyblock"
                    }
                }
            }
        }
    },
    "requirements": [
        ["req"]
    ],
    "parent": "sb:skyblock/sus_sand"
}