{
  "type": "minecraft:entity",
  "pools": [
    {
      "bonus_rolls": 0,
      "entries": [
        {
          "type": "minecraft:item",
          "functions": [
            {
              "add": false,
              "count": {
                "type": "minecraft:uniform",
                "max": 2,
                "min": 0
              },
              "function": "minecraft:set_count"
            },
            {
              "count": {
                "type": "minecraft:uniform",
                "max": 1,
                "min": 0
              },
              "enchantment": "minecraft:looting",
              "function": "minecraft:enchanted_count_increase"
            }
          ],
          "name": "minecraft:rotten_flesh"
        }
      ],
      "rolls": 1
    },
    {
      "bonus_rolls": 0,
      "conditions": [
        {
          "condition": "minecraft:killed_by_player"
        },
        {
          "condition": "minecraft:random_chance_with_enchanted_bonus",
          "enchanted_chance": {
            "type": "minecraft:linear",
            "base": 0.13,
            "per_level_above_first": 0.02
          },
          "enchantment": "minecraft:looting",
          "unenchanted_chance": 0.11
        }
      ],
      "entries": [
        {
          "type": "minecraft:item",
          "name": "minecraft:copper_ingot"
        }
      ],
      "rolls": 1
    },
    {
      "rolls": 1,
      "entries": [
        {
          "type": "minecraft:item",
          "name": "minecraft:slime_ball",
          "functions": [
            {
              "function": "minecraft:set_count",
              "count": {
                "type": "minecraft:uniform",
                "min": 0,
                "max": 3
              },
              "add": false
            },
            {
              "function": "minecraft:enchanted_count_increase",
              "count": {
                "type": "minecraft:uniform",
                "min": 0,
                "max": 2
              },
              "enchantment": "minecraft:looting"
            }
          ],
          "conditions": [
            {
              "condition": "minecraft:location_check",
              "predicate": {
                "dimension": "sb:skyblock"
              }
            }
          ]
        }
      ]
    },
    {
      "rolls": 1,
      "entries": [
        {
          "type": "minecraft:item",
          "name": "minecraft:totem_of_undying",
          "conditions": [
            {
              "condition": "minecraft:random_chance_with_enchanted_bonus",
              "unenchanted_chance": 0.025,
              "enchanted_chance": {
                "type": "minecraft:linear",
                "base": 0.035,
                "per_level_above_first": 0.01
              },
              "enchantment": "minecraft:looting"
            }
          ]
        }
      ],
      "conditions": [
        {
          "condition": "minecraft:killed_by_player"
        },
        {
          "condition": "minecraft:location_check",
          "predicate": {
            "dimension": "sb:skyblock"
          }
        }
      ]
    }
  ],
  "random_sequence": "minecraft:entities/drowned"
}
