{
  "type": "minecraft:entity",
  "pools": [
    {
      "rolls": 1,
      "bonus_rolls": 0,
      "entries": [
        {
          "type": "minecraft:item",
          "name": "minecraft:coal",
          "functions": [
            {
              "function": "minecraft:set_count",
              "count": {
                "type": "minecraft:uniform",
                "min": -1,
                "max": 1
              },
              "add": false
            },
            {
              "count": {
                "type": "minecraft:uniform",
                "max": 1,
                "min": 0
              },
              "enchantment": "minecraft:looting",
              "function": "minecraft:enchanted_count_increase"
            }
          ]
        }
      ]
    },
    {
      "rolls": 1,
      "bonus_rolls": 0,
      "entries": [
        {
          "type": "minecraft:item",
          "name": "minecraft:bone",
          "functions": [
            {
              "function": "minecraft:set_count",
              "count": {
                "type": "minecraft:uniform",
                "min": 0,
                "max": 2
              },
              "add": false
            },
            {
              "count": {
                "type": "minecraft:uniform",
                "max": 1,
                "min": 0
              },
              "enchantment": "minecraft:looting",
              "function": "minecraft:enchanted_count_increase"
            }
          ]
        }
      ]
    },
    {
      "rolls": 1,
      "bonus_rolls": 0,
      "entries": [
        {
          "type": "minecraft:item",
          "name": "minecraft:wither_skeleton_skull"
        }
      ],
      "conditions": [
        {
          "condition": "minecraft:killed_by_player"
        },
        {
          "condition": "minecraft:random_chance_with_enchanted_bonus",
          "unenchanted_chance": 0.025,
          "enchanted_chance": {
            "type": "minecraft:linear",
            "base": 0.035,
            "per_level_above_first": 0.01
          },
          "enchantment": "minecraft:looting"
        }
      ]
    },
    {
      "rolls": 1,
      "entries": [
        {
          "type": "minecraft:item",
          "name": "minecraft:ghast_tear"
        }
      ],
      "conditions": [
        {
          "condition": "minecraft:random_chance_with_enchanted_bonus",
          "unenchanted_chance": 0.2,
          "enchanted_chance": {
            "type": "minecraft:linear",
            "base": 0.3,
            "per_level_above_first": 0.1
          },
          "enchantment": "minecraft:looting"
        },
        {
          "condition": "minecraft:location_check",
          "predicate": {
            "dimension": "sb:skyblock"
          }
        }
      ]
    },
    {
      "rolls": 1,
      "entries": [
        {
          "type": "minecraft:item",
          "name": "minecraft:blaze_rod"
        }
      ],
      "conditions": [
        {
          "condition": "minecraft:random_chance_with_enchanted_bonus",
          "unenchanted_chance": 0.4,
          "enchanted_chance": {
            "type": "minecraft:linear",
            "base": 0.6,
            "per_level_above_first": 0.2
          },
          "enchantment": "minecraft:looting"
        },
        {
          "condition": "minecraft:location_check",
          "predicate": {
            "dimension": "sb:skyblock"
          }
        }
      ]
    },
    {
      "rolls": 1,
      "bonus_rolls": 0,
      "entries": [
        {
          "type": "minecraft:item",
          "name": "minecraft:ancient_debris"
        }
      ],
      "conditions": [
        {
          "condition": "minecraft:killed_by_player"
        },
        {
          "condition": "minecraft:random_chance_with_enchanted_bonus",
          "unenchanted_chance": 0.025,
          "enchanted_chance": {
            "type": "minecraft:linear",
            "base": 0.035,
            "per_level_above_first": 0.01
          },
          "enchantment": "minecraft:looting"
        },
        {
          "condition": "minecraft:location_check",
          "predicate": {
            "dimension": "sb:skyblock"
          }
        }
      ]
    }
  ],
  "random_sequence": "minecraft:entities/wither_skeleton"
}
