{
    "type": "minecraft:fishing",
    "pools": [
      {
        "rolls": 1,
        "entries": [
          {
            "type": "minecraft:item",
            "name": "minecraft:tube_coral"
          },
          {
            "type": "minecraft:item",
            "name": "minecraft:brain_coral"
          },
          {
            "type": "minecraft:item",
            "name": "minecraft:fire_coral"
          },
          {
            "type": "minecraft:item",
            "name": "minecraft:horn_coral"
          },
          {
            "type": "minecraft:item",
            "name": "minecraft:tube_coral_fan"
          },
          {
            "type": "minecraft:item",
            "name": "minecraft:brain_coral_fan"
          },
          {
            "type": "minecraft:item",
            "name": "minecraft:fire_coral_fan"
          },
          {
            "type": "minecraft:item",
            "name": "minecraft:horn_coral_fan"
          },
          {
            "type": "minecraft:item",
            "name": "minecraft:tube_coral_block"
          },
          {
            "type": "minecraft:item",
            "name": "minecraft:brain_coral_block"
          },
          {
            "type": "minecraft:item",
            "name": "minecraft:fire_coral_block"
          },
          {
            "type": "minecraft:item",
            "name": "minecraft:horn_coral_block"
          }
        ],
        "conditions": [
          {
            "condition": "minecraft:location_check",
            "predicate": {
              "dimension": "sb:skyblock"
            }
          }
        ]
      }
    ]
  }
  