{
  "type": "minecraft:fishing",
  "pools": [
    {
      "rolls": 1,
      "bonus_rolls": 0,
      "entries": [
        {
          "type": "minecraft:item",
          "weight": 17,
          "name": "minecraft:lily_pad"
        },
        {
          "type": "minecraft:item",
          "weight": 10,
          "name": "minecraft:leather_boots",
          "functions": [
            {
              "function": "minecraft:set_damage",
              "damage": {
                "type": "minecraft:uniform",
                "min": 0,
                "max": 0.9
              },
              "add": false
            }
          ]
        },
        {
          "type": "minecraft:item",
          "weight": 10,
          "name": "minecraft:leather"
        },
        {
          "type": "minecraft:item",
          "weight": 10,
          "name": "minecraft:bone"
        },
        {
          "type": "minecraft:item",
          "weight": 10,
          "name": "minecraft:potion",
          "functions": [
            {
              "function": "minecraft:set_potion",
              "id": "minecraft:water"
            }
          ]
        },
        {
          "type": "minecraft:item",
          "weight": 5,
          "name": "minecraft:string"
        },
        {
          "type": "minecraft:item",
          "weight": 2,
          "name": "minecraft:fishing_rod",
          "functions": [
            {
              "function": "minecraft:set_damage",
              "damage": {
                "type": "minecraft:uniform",
                "min": 0,
                "max": 0.9
              },
              "add": false
            }
          ]
        },
        {
          "type": "minecraft:item",
          "weight": 10,
          "name": "minecraft:bowl"
        },
        {
          "type": "minecraft:item",
          "weight": 5,
          "name": "minecraft:stick"
        },
        {
          "type": "minecraft:item",
          "name": "minecraft:ink_sac",
          "functions": [
            {
              "function": "minecraft:set_count",
              "count": 10,
              "add": false
            }
          ]
        },
        {
          "type": "minecraft:item",
          "name": "minecraft:glow_ink_sac",
          "functions": [
            {
              "function": "minecraft:set_count",
              "count": 10,
              "add": false
            }
          ],
          "conditions": [
            {
              "condition": "minecraft:location_check",
              "predicate": {
                "dimension": "sb:skyblock"
              }
            }
          ]
        },
        {
          "type": "minecraft:item",
          "weight": 10,
          "name": "minecraft:tripwire_hook"
        },
        {
          "type": "minecraft:item",
          "weight": 10,
          "name": "minecraft:rotten_flesh"
        },
        {
          "type": "minecraft:item",
          "weight": 10,
          "name": "minecraft:bamboo",
          "conditions": [
            {
              "condition": "minecraft:any_of",
              "terms": [
                {
                  "condition": "minecraft:location_check",
                  "predicate": {
                    "biome": "minecraft:jungle"
                  }
                },
                {
                  "condition": "minecraft:location_check",
                  "predicate": {
                    "biome": "minecraft:sparse_jungle"
                  }
                },
                {
                  "condition": "minecraft:location_check",
                  "predicate": {
                    "biome": "minecraft:bamboo_jungle"
                  }
                },
                {
                  "condition": "minecraft:location_check",
                  "predicate": {
                    "dimension": "sb:skyblock"
                  }
                }
              ]
            }
          ]
        },
        {
          "type": "minecraft:item",
          "weight": 1,
          "name": "minecraft:mycelium",
          "conditions": [
            {
              "condition": "minecraft:location_check",
              "predicate": {
                "dimension": "sb:skyblock"
              }
            }
          ]
        },
        {
          "type": "minecraft:item",
          "weight": 5,
          "name": "minecraft:kelp",
          "conditions": [
            {
              "condition": "minecraft:location_check",
              "predicate": {
                "dimension": "sb:skyblock"
              }
            }
          ]
        },
        {
          "type": "minecraft:item",
          "weight": 5,
          "name": "minecraft:sea_pickle",
          "conditions": [
            {
              "condition": "minecraft:location_check",
              "predicate": {
                "dimension": "sb:skyblock"
              }
            }
          ]
        },
        {
          "type": "minecraft:item",
          "weight": 1,
          "name": "minecraft:phantom_membrane",
          "conditions": [
            {
              "condition": "minecraft:location_check",
              "predicate": {
                "dimension": "sb:skyblock"
              }
            }
          ]
        },
        {
          "type": "minecraft:loot_table",
          "weight": 5,
          "name": "sb:gameplay/fishing/corals",
          "conditions": [
            {
              "condition": "minecraft:location_check",
              "predicate": {
                "dimension": "sb:skyblock"
              }
            }
          ]
        },
        {
          "type": "minecraft:item",
          "weight": 5,
          "name": "minecraft:pointed_dripstone",
          "conditions": [
            {
              "condition": "minecraft:location_check",
              "predicate": {
                "dimension": "sb:skyblock"
              }
            }
          ]
        },
        {
          "type": "minecraft:item",
          "weight": 2,
          "name": "minecraft:moss_block",
          "conditions": [
            {
              "condition": "minecraft:location_check",
              "predicate": {
                "dimension": "sb:skyblock"
              }
            }
          ]
        }
      ]
    }
  ],
  "random_sequence": "minecraft:gameplay/fishing/junk"
}
