{
    "type": "minecraft:crafting_shaped",
    "pattern": [
        "121",
        "343",
        "565"
    ],
    "key": {
        "1": {
            "item": "minecraft:dragon_breath"
        },
        "2": {
            "item": "minecraft:dragon_head"
        },
        "3": {
            "item": "minecraft:spawner"
        },
        "4": {
            "item": "minecraft:netherite_block"
        },
        "5": {
            "item": "minecraft:budding_amethyst"
        },
        "6": {
            "item": "minecraft:wither_skeleton_spawn_egg"
        }
    },
    "result": {
        "item": "minecraft:dragon_egg",
        "count": 1
    }
}