{
    "type": "minecraft:crafting_shaped",
    "pattern": [
        "121",
        "343",
        "565"
    ],
    "key": {
        "1": {
            "item": "minecraft:end_stone_bricks"
        },
        "2": {
            "item": "minecraft:shulker_shell"
        },
        "3": {
            "item": "minecraft:chorus_flower"
        },
        "4": {
            "item": "minecraft:wither_skeleton_skull"
        },
        "5": {
            "item": "minecraft:crying_obsidian"
        },
        "6": {
            "item": "minecraft:elytra"
        }
    },
    "result": {
        "item": "minecraft:dragon_head",
        "count": 1
    }
}