{
    "type": "minecraft:crafting_shaped",
    "pattern": [
        "545",
        "121",
        "535"
    ],
    "key": {
        "1": {
            "item": "minecraft:slime_ball"
        },
        "2": {
            "item": "minecraft:spawner"
        },
        "3": {
            "item": "minecraft:lava_bucket"
        },
        "4": {
            "item": "minecraft:gold_ingot"
        },
        "5": {
            "item": "minecraft:blackstone"
        }
    },
    "result": {
        "item": "minecraft:magma_cube_spawn_egg",
        "count": 1
    }
}