{
    "display": {
        "icon": {
            "item": "minecraft:mangrove_propagule"
        },
        "title": "Biodiversity",
        "description": "Obtain every tree sapling",
        "frame": "challenge",
        "show_toast": true,
        "announce_to_chat": true,
        "hidden": false
    },
    "criteria": {
        "s_oak": {
            "trigger": "minecraft:inventory_changed",
            "conditions": {
                "items": [
                    {
                        "items": ["minecraft:oak_sapling"]
                    }
                ],
                "player": {
                    "location": {
                        "dimension": "sb:skyblock"
                    }
                }
            }
        },
        "s_birch": {
            "trigger": "minecraft:inventory_changed",
            "conditions": {
                "items": [
                    {
                        "items": ["minecraft:birch_sapling"]
                    }
                ],
                "player": {
                    "location": {
                        "dimension": "sb:skyblock"
                    }
                }
            }
        },
        "s_spruce": {
            "trigger": "minecraft:inventory_changed",
            "conditions": {
                "items": [
                    {
                        "items": ["minecraft:spruce_sapling"]
                    }
                ],
                "player": {
                    "location": {
                        "dimension": "sb:skyblock"
                    }
                }
            }
        },
        "s_darkoak": {
            "trigger": "minecraft:inventory_changed",
            "conditions": {
                "items": [
                    {
                        "items": ["minecraft:dark_oak_sapling"]
                    }
                ],
                "player": {
                    "location": {
                        "dimension": "sb:skyblock"
                    }
                }
            }
        },
        "s_acacia": {
            "trigger": "minecraft:inventory_changed",
            "conditions": {
                "items": [
                    {
                        "items": ["minecraft:acacia_sapling"]
                    }
                ],
                "player": {
                    "location": {
                        "dimension": "sb:skyblock"
                    }
                }
            }
        },
        "s_jungle": {
            "trigger": "minecraft:inventory_changed",
            "conditions": {
                "items": [
                    {
                        "items": ["minecraft:jungle_sapling"]
                    }
                ],
                "player": {
                    "location": {
                        "dimension": "sb:skyblock"
                    }
                }
            }
        },
        "s_cherry": {
            "trigger": "minecraft:inventory_changed",
            "conditions": {
                "items": [
                    {
                        "items": ["minecraft:cherry_sapling"]
                    }
                ],
                "player": {
                    "location": {
                        "dimension": "sb:skyblock"
                    }
                }
            }
        },
        "s_mangrove": {
            "trigger": "minecraft:inventory_changed",
            "conditions": {
                "items": [
                    {
                        "items": ["minecraft:mangrove_propagule"]
                    }
                ],
                "player": {
                    "location": {
                        "dimension": "sb:skyblock"
                    }
                }
            }
        },
        "s_azalea": {
            "trigger": "minecraft:inventory_changed",
            "conditions": {
                "items": [
                    {
                        "items": ["minecraft:azalea"]
                    }
                ],
                "player": {
                    "location": {
                        "dimension": "sb:skyblock"
                    }
                }
            }
        },
        "s_flower_azalea": {
            "trigger": "minecraft:inventory_changed",
            "conditions": {
                "items": [
                    {
                        "items": ["minecraft:flowering_azalea"]
                    }
                ],
                "player": {
                    "location": {
                        "dimension": "sb:skyblock"
                    }
                }
            }
        },
        "s_warped": {
            "trigger": "minecraft:inventory_changed",
            "conditions": {
                "items": [
                    {
                        "items": ["minecraft:warped_fungus"]
                    }
                ],
                "player": {
                    "location": {
                        "dimension": "sb:skyblock"
                    }
                }
            }
        },
        "s_crimson": {
            "trigger": "minecraft:inventory_changed",
            "conditions": {
                "items": [
                    {
                        "items": ["minecraft:crimson_fungus"]
                    }
                ],
                "player": {
                    "location": {
                        "dimension": "sb:skyblock"
                    }
                }
            }
        }
    },
    "requirements": [
        ["s_oak"],
        ["s_birch"],
        ["s_spruce"],
        ["s_darkoak"],
        ["s_acacia"],
        ["s_jungle"],
        ["s_cherry"],
        ["s_mangrove"],
        ["s_azalea"],
        ["s_flower_azalea"],
        ["s_warped"],
        ["s_crimson"]
    ],
    "parent": "sb:skyblock/moss"
}