{
    "display": {
        "icon": {
            "item": "minecraft:fishing_rod"
        },
        "title": "Let the fishing begin",
        "description": "Catch some fish with your fishing rod",
        "frame": "task",
        "show_toast": true,
        "announce_to_chat": true,
        "hidden": false
    },
    "criteria": {
        "req": {
            "trigger": "minecraft:fishing_rod_hooked",
            "conditions": {
                "player": {
                    "location": {
                        "dimension": "sb:skyblock"
                    }
                }
            }
        }
    },
    "requirements": [
        ["req"]
    ],
    "parent": "sb:skyblock/all_craftable_saplings"
}