{
  "type": "minecraft:fishing",
  "pools": [
    {
      "bonus_rolls": 0,
      "entries": [
        {
          "type": "minecraft:item",
          "name": "minecraft:lily_pad",
          "weight": 17
        },
        {
          "type": "minecraft:item",
          "functions": [
            {
              "add": false,
              "damage": {
                "type": "minecraft:uniform",
                "max": 0.9,
                "min": 0
              },
              "function": "minecraft:set_damage"
            }
          ],
          "name": "minecraft:leather_boots",
          "weight": 10
        },
        {
          "type": "minecraft:item",
          "name": "minecraft:leather",
          "weight": 10
        },
        {
          "type": "minecraft:item",
          "name": "minecraft:bone",
          "weight": 10
        },
        {
          "type": "minecraft:item",
          "functions": [
            {
              "function": "minecraft:set_potion",
              "id": "minecraft:water"
            }
          ],
          "name": "minecraft:potion",
          "weight": 10
        },
        {
          "type": "minecraft:item",
          "name": "minecraft:string",
          "weight": 5
        },
        {
          "type": "minecraft:item",
          "functions": [
            {
              "add": false,
              "damage": {
                "type": "minecraft:uniform",
                "max": 0.9,
                "min": 0
              },
              "function": "minecraft:set_damage"
            }
          ],
          "name": "minecraft:fishing_rod",
          "weight": 2
        },
        {
          "type": "minecraft:item",
          "name": "minecraft:bowl",
          "weight": 10
        },
        {
          "type": "minecraft:item",
          "name": "minecraft:stick",
          "weight": 5
        },
        {
          "type": "minecraft:item",
          "functions": [
            {
              "add": false,
              "count": 10,
              "function": "minecraft:set_count"
            }
          ],
          "name": "minecraft:ink_sac"
        },
        {
          "type": "minecraft:item",
          "name": "minecraft:tripwire_hook",
          "weight": 10
        },
        {
          "type": "minecraft:item",
          "name": "minecraft:rotten_flesh",
          "weight": 10
        },
        {
          "type": "minecraft:item",
          "conditions": [
            {
              "condition": "minecraft:any_of",
              "terms": [
                {
                  "condition": "minecraft:location_check",
                  "predicate": {
                    "biomes": [
                      "minecraft:jungle",
                      "minecraft:bamboo_jungle",
                      "minecraft:sparse_jungle"
                    ]
                  }
                },
                {
                  "condition": "minecraft:location_check",
                  "predicate": {
                    "dimension": "sb:skyblock"
                  }
                }
              ]
            }
          ],
          "name": "minecraft:bamboo",
          "weight": 10
        },
        {
          "type": "minecraft:item",
          "name": "minecraft:glow_ink_sac",
          "functions": [
            {
              "function": "minecraft:set_count",
              "count": 10,
              "add": false
            }
          ],
          "conditions": [
            {
              "condition": "minecraft:location_check",
              "predicate": {
                "dimension": "sb:skyblock"
              }
            }
          ]
        },
        {
          "type": "minecraft:item",
          "name": "minecraft:mycelium",
          "weight": 1,
          "conditions": [
            {
              "condition": "minecraft:location_check",
              "predicate": {
                "dimension": "sb:skyblock"
              }
            }
          ]
        },
        {
          "type": "minecraft:item",
          "name": "minecraft:kelp",
          "weight": 5,
          "conditions": [
            {
              "condition": "minecraft:location_check",
              "predicate": {
                "dimension": "sb:skyblock"
              }
            }
          ]
        },
        {
          "type": "minecraft:item",
          "name": "minecraft:sea_pickle",
          "weight": 5,
          "conditions": [
            {
              "condition": "minecraft:location_check",
              "predicate": {
                "dimension": "sb:skyblock"
              }
            }
          ]
        },
        {
          "type": "minecraft:item",
          "name": "minecraft:phantom_membrane",
          "weight": 1,
          "conditions": [
            {
              "condition": "minecraft:location_check",
              "predicate": {
                "dimension": "sb:skyblock"
              }
            }
          ]
        },
        {
          "type": "minecraft:item",
          "name": "minecraft:pointed_dripstone",
          "weight": 5,
          "conditions": [
            {
              "condition": "minecraft:location_check",
              "predicate": {
                "dimension": "sb:skyblock"
              }
            }
          ]
        },
        {
          "type": "minecraft:item",
          "name": "minecraft:moss_block",
          "weight": 2,
          "conditions": [
            {
              "condition": "minecraft:location_check",
              "predicate": {
                "dimension": "sb:skyblock"
              }
            }
          ]
        },
        {
          "type": "minecraft:loot_table",
          "value": "sb:gameplay/fishing/corals",
          "weight": 5,
          "conditions": [
            {
              "condition": "minecraft:location_check",
              "predicate": {
                "dimension": "sb:skyblock"
              }
            }
          ]
        }
      ],
      "rolls": 1
    }
  ],
  "random_sequence": "minecraft:gameplay/fishing/junk"
}